model_path,test_type,path_res,entity_res,precision,recall_macro,f1_macro,recall_micro,f1_micro
MultiRe_epoch-2,seen,10.02	22.93	29.06	40.52	54.51	1387,10.89	26.39	34.1	48.23	67.63	1387,0.10886806056236481,0.06634957510796437,0.06300993833175855,0.10886806056236481,0.10886806056236481
MultiRe_epoch-2,unseen,41.03	71.54	74.22	74.44	74.54	931,46.08	83.78	87.11	87.65	87.86	931,0.4607948442534909,0.3036751857078476,0.2585853432334822,0.4607948442534909,0.4607948442534909
MultiRe_epoch-4,seen,7.14	15.57	21.92	31.43	46.14	1387,7.93	17.16	24.15	35.33	52.42	1387,0.07930785868781542,0.054768412267844666,0.04919481684981979,0.07930785868781542,0.07930785868781542
MultiRe_epoch-4,unseen,32.22	54.24	56.39	57.04	57.25	931,45.86	71.54	73.79	74.76	75.19	931,0.45864661654135336,0.21017695254645805,0.22391400802425726,0.45864661654135336,0.45864661654135336
MultiRe_epoch-6,seen,11.61	20.55	26.89	38.0	51.84	1387,12.4	23.22	30.43	43.84	61.07	1387,0.1240086517664023,0.0819300650477882,0.07546778966847349,0.1240086517664023,0.1240086517664023
MultiRe_epoch-6,unseen,24.6	38.78	39.63	39.85	39.85	931,44.58	59.4	60.37	60.69	60.79	931,0.44575725026852847,0.13590825205363816,0.13106771020708266,0.44575725026852847,0.44575725026852847
MultiRe_epoch-8,seen,11.75	23.07	29.78	38.64	52.05	1387,11.82	24.95	32.16	42.32	59.26	1387,0.11824080749819754,0.07901187959327495,0.07061229572935333,0.11824080749819754,0.11824080749819754
