model_path,test_type,path_res,entity_res,precision,recall_macro,f1_macro,recall_micro,f1_micro
MultiRe_epoch-2,seen,8.85	11.54	12.79	15.34	22.18	1447,13.27	29.44	38.77	51.21	64.27	1447,0.13351877607788595,0.0896414887794198,0.08281559064605043,0.13351877607788595,0.13351877607788595
MultiRe_epoch-2,unseen,5.31	8.83	10.7	14.64	25.41	1393,7.97	28.93	40.42	57.43	76.02	1393,0.07997118155619597,0.04905150591809784,0.04449716972500539,0.07997118155619597,0.07997118155619597
MultiRe_epoch-4,seen,14.58	25.85	30.89	38.63	49.69	1447,16.03	31.86	39.6	51.97	66.55	1447,0.16133518776077885,0.10507783596432752,0.09599130092119132,0.16133518776077885,0.16133518776077885
MultiRe_epoch-4,unseen,6.89	13.78	18.16	24.98	37.76	1393,8.4	24.84	36.61	53.55	72.51	1393,0.08429394812680115,0.055201826634670104,0.05071176383246666,0.08429394812680115,0.08429394812680115
MultiRe_epoch-6,seen,14.65	24.88	31.72	39.88	49.21	1447,15.96	30.75	40.15	52.04	65.24	1447,0.16063977746870653,0.10254744207574396,0.09133517598607557,0.16063977746870653,0.16063977746870653
MultiRe_epoch-6,unseen,1.87	3.88	4.88	6.75	9.48	1393,3.3	9.26	12.35	16.8	21.39	1393,0.03314121037463977,0.01810682696693059,0.017040640972048278,0.03314121037463977,0.03314121037463977
MultiRe_epoch-8,seen,10.3	17.35	20.8	25.09	32.69	1447,12.65	29.16	38.91	52.32	64.75	1447,0.12734864300626306,0.0792111320359908,0.07138666572033138,0.12734864300626306,0.12734864300626306
MultiRe_epoch-8,unseen,3.52	6.68	8.26	12.78	23.19	1393,5.24	22.9	35.68	50.9	68.92	1393,0.05259365994236311,0.03679896454320163,0.03172667048641975,0.05259365994236311,0.05259365994236311
