model_path,test_type,path_res,entity_res,precision,recall_macro,f1_macro,recall_micro,f1_micro
MultiRe_epoch-2,seen,54.6	75.05	76.09	76.23	76.43	1447,72.01	96.75	97.79	98.0	98.2	1447,0.7201105736005529,0.5068022620615393,0.4804823728333374,0.7201105736005529,0.7201105736005528
MultiRe_epoch-2,unseen,62.31	89.23	89.81	90.17	90.17	1393,69.71	97.92	98.64	99.07	99.07	1393,0.697056712132089,0.5885280209712067,0.5753062868014301,0.697056712132089,0.697056712132089
MultiRe_epoch-4,seen,28.54	53.01	54.66	54.94	55.01	1447,59.71	96.2	97.86	98.34	98.41	1447,0.5970974429854872,0.36989760632004093,0.3583772751977025,0.5970974429854872,0.5970974429854872
MultiRe_epoch-4,unseen,33.02	64.75	65.97	66.33	66.33	1393,60.66	96.63	97.85	98.35	98.35	1393,0.6066044508255564,0.49883739530104326,0.4947498208807901,0.6066044508255564,0.6066044508255564
MultiRe_epoch-6,seen,24.46	42.64	43.88	44.09	44.23	1447,40.01	74.98	77.13	78.16	78.78	1447,0.4001382170006911,0.155737209446641,0.14899609897481247,0.4001382170006911,0.40013821700069113
MultiRe_epoch-6,unseen,20.75	36.54	36.76	36.97	36.97	1393,32.59	56.5	58.58	59.87	60.23	1393,0.32591529073941133,0.18031645932739968,0.1607770364645867,0.32591529073941133,0.32591529073941133
MultiRe_epoch-8,seen,35.87	57.71	59.43	59.78	59.92	1447,51.07	88.6	90.95	91.57	91.85	1447,0.5107118175535591,0.17815333124525054,0.1596501858111401,0.5107118175535591,0.5107118175535591
MultiRe_epoch-8,unseen,33.52	64.03	65.11	65.4	65.4	1393,50.39	89.02	90.24	90.88	91.03	1393,0.5039483129935391,0.31472913735359626,0.312205250813364,0.5039483129935391,0.5039483129935391
