model_path,test_type,path_res,entity_res,precision,recall_macro,f1_macro,recall_micro,f1_micro
MultiRe_epoch-2,seen,9.12	12.51	14.58	18.18	26.61	1447,13.06	33.38	45.61	60.68	76.16	1447,0.13061506565307532,0.08305152830158152,0.0720951069889265,0.13061506565307532,0.13061506565307532
MultiRe_epoch-2,unseen,6.17	11.77	14.29	19.1	32.02	1393,8.9	30.37	42.35	59.3	79.68	1393,0.0890165111270639,0.05787940532522576,0.05100240577433536,0.0890165111270639,0.0890165111270639
MultiRe_epoch-4,seen,12.85	22.11	27.64	34.49	45.75	1447,15.2	33.66	44.16	57.29	73.26	1447,0.1520387007601935,0.10142837816533698,0.09394975194833441,0.1520387007601935,0.1520387007601935
MultiRe_epoch-4,unseen,7.68	14.07	18.45	24.91	35.82	1393,10.19	28.64	39.63	56.86	74.08	1393,0.10193826274228285,0.07280010649575867,0.06658917203790261,0.10193826274228285,0.10193826274228285
MultiRe_epoch-6,seen,11.26	19.63	23.57	29.09	34.62	1447,12.99	25.57	31.31	40.08	49.0	1447,0.1299239806496199,0.07987102583340681,0.07143744363554225,0.1299239806496199,0.1299239806496199
MultiRe_epoch-6,unseen,2.15	4.09	5.46	8.18	10.55	1393,3.59	9.91	14.14	18.45	22.25	1393,0.03589375448671931,0.014347847148751725,0.012061253209999593,0.03589375448671931,0.03589375448671931
